Main_account_ID,Customer_type
10014,A-B
10025,A-B
10033,A-B
10048,D
10056,C
10095,D
10148,A-B
10150,A-B
10178,A-B
10227,A-B
10238,
10267,
10278,D
10316,A-B
10364,D
10373,A-B
10383,C
10396,A-B
10422,C
10433,C
10448,D
10510,
10600,A-B
10693,D
10701,
10774,A-B
11029,D
11142,
11150,
11410,D
11509,D
11630,
11681,A-B
11827,A-B
11967,A-B
12165,A-B
12203,C
12341,A-B
12351,D
12368,
12385,
12468,D
12541,
12575,A-B
12647,A-B
12703,
12705,A-B
12721,
12777,A-B
12866,A-B
12937,C
12953,D
13018,A-B
13061,
13115,C
13134,
13136,A-B
13152,A-B
13154,D
13160,C
13189,
13202,A-B
13213,A-B
13231,D
13239,
13267,
13283,D
13293,
13371,A-B
13379,C
13393,A-B
13433,
13470,C
13489,KAM
13516,
13517,D
13553,A-B
13565,
13607,C
13627,C
13628,
13629,
13684,A-B
13760,A-B
13847,D
13899,
13904,
14008,D
14015,A-B
14021,
14022,A-B
14035,A-B
14038,C
14046,D
14052,A-B
14081,D
14099,
14105,A-B
14140,C
14150,A-B
14168,A-B
14290,C
14317,
14330,A-B
14339,D
14411,
14461,C
14536,D
14540,A-B
14547,D
14551,D
14553,C
14611,A-B
14631,
14719,D
14722,A-B
14744,A-B
14762,
14781,D
14816,KAM
14857,C
14877,D
14901,D
14940,D
14953,A-B
14961,A-B
14975,A-B
15000,A-B
15001,A-B
15006,A-B
15008,D
15012,A-B
15047,KAM
15067,A-B
15079,
15107,D
15132,
15146,
15181,A-B
15190,D
15255,
15273,A-B
15384,
15431,
15433,C
15453,D
15494,
15539,
15546,
15566,A-B
15571,A-B
15681,D
15717,D
15747,
15910,A-B
15920,D
16010,C
16014,A-B
16016,KAM
16030,A-B
16064,C
16099,D
16119,D
16193,
16198,A-B
16233,A-B
16278,A-B
16347,D
16373,D
16406,A-B
16446,A-B
16463,C
16482,D
16495,
16522,D
16527,A-B
16528,
16611,
16633,D
16669,D
16671,D
16734,A-B
16759,
16797,D
16837,A-B
16898,
16920,D
16952,D
16975,D
16980,A-B
17004,C
17048,
17051,C
17054,C
17057,
17063,A-B
17065,A-B
17066,
17070,A-B
17079,A-B
17141,A-B
17150,A-B
17159,C
17170,A-B
17180,C
17220,C
17304,A-B
17327,D
17350,D
17360,C
17382,A-B
17388,
17397,D
17447,A-B
17523,C
17566,A-B
17574,KAM
17795,D
18008,
18015,D
18019,
18034,C
18236,A-B
18279,
18791,C
19013,A-B
19027,A-B
19036,C
19065,A-B
19099,D
19104,A-B
19117,A-B
19125,D
19127,A-B
19230,
19233,
19429,C
19798,D
19836,D
19844,A-B
20036,
20068,A-B
20079,D
20093,A-B
20095,D
20124,A-B
20126,
20184,KAM
20283,A-B
20298,A-B
20340,D
20357,A-B
20369,A-B
20415,D
20420,D
20441,
20444,
20458,KAM
20521,A-B
20538,C
20541,A-B
20550,A-B
20588,D
20622,D
20644,
20652,D
20675,D
20689,D
20700,
20706,
20710,A-B
20716,A-B
20859,A-B
20885,A-B
20911,D
20918,C
20938,D
20982,D
21000,A-B
21002,C
21024,D
21038,C
21048,
21050,C
21076,A-B
21108,
21113,A-B
21164,A-B
21168,D
21173,A-B
21178,D
21199,
21332,
21335,KAM
21341,C
21348,C
21415,
21431,C
21471,A-B
21508,D
21548,D
21552,A-B
21555,A-B
21557,
21580,A-B
21601,D
21678,A-B
21691,C
21706,D
21750,
21777,A-B
21866,
21885,C
21959,D
21972,A-B
21983,A-B
22054,
22105,D
22107,A-B
22195,D
22252,A-B
22258,A-B
22261,
22284,A-B
22293,
22309,A-B
22334,C
22339,C
22357,A-B
22413,D
22469,
22510,
22557,A-B
22560,
22622,D
22661,D
22699,D
22702,D
22719,KAM
22837,A-B
22851,C
23013,A-B
23074,A-B
23080,A-B
23081,D
23091,C
23108,
23114,
23125,C
23132,D
23173,A-B
23223,A-B
23229,D
23237,A-B
23252,C
23264,A-B
23306,
23321,D
23329,C
23335,C
23349,A-B
23370,D
23372,D
23388,A-B
23397,A-B
23431,
23458,A-B
23477,D
23566,A-B
23569,C
23570,A-B
23582,KAM
23666,
23687,A-B
23735,A-B
23771,D
23785,D
23821,
23913,C
24015,
24030,A-B
24047,A-B
24057,D
24065,D
24066,
24149,C
24157,A-B
24211,D
24258,D
24269,C
24283,D
24287,C
24314,C
24353,A-B
24370,D
24374,C
24394,
24436,D
24494,D
24508,C
24585,D
24695,KAM
24724,A-B
24777,A-B
24794,D
24834,
24860,D
24876,KAM
24932,
24965,D
25189,D
25242,C
25267,A-B
25344,
25388,C
25417,D
25470,A-B
25478,C
25488,D
25524,A-B
25563,
25658,A-B
25668,A-B
25735,A-B
25782,
25803,C
25847,A-B
25848,D
25859,A-B
25871,D
25880,A-B
25932,
26214,D
26216,A-B
26219,
26267,A-B
26307,
26314,
26355,A-B
26388,D
26404,
26425,D
26514,A-B
26534,A-B
26565,A-B
26592,C
26656,D
26678,A-B
26830,D
26838,A-B
26853,A-B
26877,D
26970,A-B
27033,A-B
27062,A-B
27063,A-B
27080,C
27104,C
27111,C
27143,C
27162,C
27165,
27185,
27227,A-B
27238,A-B
27286,D
27303,D
27375,A-B
27413,A-B
27432,A-B
27435,D
27489,
27516,KAM
27529,D
27530,
27543,A-B
27549,A-B
27569,C
27584,
27617,A-B
27630,A-B
27653,D
27657,
27660,D
27698,A-B
27779,A-B
27783,D
27837,A-B
27879,D
27891,
27927,C
27943,A-B
27944,D
27995,D
28056,D
28075,A-B
28080,
28100,
28109,
28135,D
28168,
28197,A-B
28206,D
28231,D
28243,D
28309,
28363,
28379,D
28407,
28412,A-B
28415,KAM
28423,D
28482,A-B
28497,
28586,D
28637,D
28644,
28648,A-B
28685,A-B
28701,
28812,C
28825,A-B
28861,
28867,A-B
28911,A-B
28962,D
28972,A-B
28984,
29073,D
29092,A-B
29105,A-B
29106,D
29119,A-B
29171,D
29200,KAM
29215,A-B
29223,C
29261,
29267,D
29310,D
29337,A-B
29393,
29405,D
29549,A-B
29564,A-B
29575,C
29595,A-B
29629,A-B
29658,A-B
29663,D
29731,
29753,C
29759,A-B
29760,A-B
29764,D
29820,C
29835,C
29842,A-B
29954,
29991,D
30012,D
30015,KAM
30024,C
30057,D
30086,
30108,A-B
30190,
30214,A-B
30234,C
30279,A-B
30283,
30293,A-B
30313,A-B
30329,C
30345,A-B
30353,
30370,A-B
30457,C
30569,C
30575,C
30598,D
30604,D
30611,
30615,
30625,C
30649,C
30693,D
30707,D
30744,
30776,
30817,D
30872,D
30941,D
31038,A-B
31061,D
31067,
31089,KAM
31115,D
31168,D
31172,
31178,A-B
31221,
31269,
31273,A-B
31280,D
31286,
31305,A-B
31315,D
31332,A-B
31347,A-B
31360,A-B
31375,
31380,A-B
31455,A-B
31457,D
31476,A-B
31502,C
31510,D
31519,
31540,D
31543,A-B
31569,A-B
31586,D
31603,
31606,A-B
31674,A-B
31688,
31692,
31720,C
31758,A-B
31761,A-B
31767,A-B
31780,C
31802,
31804,C
31810,A-B
31836,A-B
31853,
31876,D
31879,A-B
31934,C
31987,
31989,C
32047,A-B
32079,D
32087,A-B
32127,A-B
32149,
32176,D
32193,D
32223,A-B
32226,D
32260,D
32299,A-B
32314,
32320,
32342,C
32347,
32367,A-B
32384,A-B
32454,D
32455,A-B
32482,A-B
32490,
32527,
32533,
32536,
32549,
32570,D
32642,D
32654,C
32690,A-B
32703,
32718,C
32781,A-B
32816,D
32853,A-B
32869,
32893,A-B
32895,A-B
32942,C
32944,D
32975,A-B
32987,D
33001,D
33024,D
33050,A-B
33078,D
33088,A-B
33138,
33141,
33175,A-B
33197,D
33207,
33252,A-B
33256,D
33291,
33301,KAM
33303,D
33349,D
33396,D
33431,D
33432,
33458,A-B
33483,D
33517,
33521,
33534,A-B
33558,
33628,D
33631,D
33659,A-B
33670,D
33677,A-B
33728,D
33781,A-B
33796,C
33825,KAM
33841,D
33842,A-B
33868,
33870,D
33885,D
33961,A-B
33977,D
34018,A-B
34022,
34029,A-B
34032,A-B
34034,D
34058,C
34076,A-B
34088,
34101,D
34115,A-B
34118,A-B
34128,C
34174,D
34180,A-B
34181,D
34243,C
34286,D
34290,
34312,D
34320,C
34330,D
34332,
34336,D
34338,D
34349,
34360,A-B
34369,D
34371,C
34372,D
34373,D
34383,D
34436,D
34445,D
34457,C
34503,KAM
34514,
34537,D
34541,C
34543,D
34554,
34615,D
34632,D
34635,D
34636,D
34653,
34655,D
34657,A-B
34663,A-B
34667,C
34668,
34671,D
34704,C
34705,
34721,
34781,D
34800,A-B
34805,D
34827,D
34830,
34851,D
34883,
34898,A-B
34905,
34918,D
34922,
35016,D
35046,C
35059,
35067,A-B
35129,D
35140,C
35159,D
35194,
35287,A-B
35288,D
35299,
35413,D
35453,A-B
35527,
35538,
35554,D
35564,D
35575,D
35613,D
35620,D
35623,D
35630,
35634,
35638,D
35649,
35680,A-B
35696,C
35715,A-B
35766,D
35770,D
35789,D
35820,A-B
35914,D
35925,
36000,D
36056,A-B
36067,D
36163,D
36217,
36241,D
36256,
36294,A-B
36366,D
36396,D
36425,KAM
36427,D
36487,D
36515,
36545,D
36573,
36585,C
36619,C
36633,D
36667,D
36721,
36730,A-B
36736,A-B
36741,A-B
36769,D
36780,A-B
36784,
36786,
36808,A-B
36823,D
36852,A-B
36901,
36903,A-B
36943,C
36957,D
36958,
36971,
37010,D
37048,A-B
37055,
37056,D
37099,C
37129,
37141,
37149,
37162,C
37181,
37192,C
37219,A-B
37278,A-B
37354,
37372,
37380,A-B
37431,A-B
37439,A-B
37442,A-B
37445,A-B
37446,A-B
37447,A-B
37457,A-B
37546,A-B
37567,
37577,A-B
37584,
37586,A-B
37617,D
37664,KAM
37673,D
37685,D
37687,A-B
37703,A-B
37705,A-B
37808,C
37818,A-B
37841,D
37869,D
37876,D
37934,A-B
37956,C
37990,A-B
38015,
38063,
38072,D
38075,A-B
38077,
38097,A-B
38199,D
38264,D
38285,D
38296,A-B
38336,D
38394,C
38408,
38423,A-B
38438,A-B
38452,C
38460,C
38468,D
38617,A-B
38643,A-B
38662,A-B
38672,D
38696,D
38698,
38711,D
38722,
38725,A-B
38772,
38808,C
38814,A-B
38868,
38875,KAM
38925,
38930,A-B
38931,A-B
38951,
38969,
38981,
38992,C
39043,C
39103,
39106,A-B
39121,
39124,
39127,
39136,A-B
39176,C
39185,C
39189,D
39235,
39260,A-B
39278,
39279,
39291,D
39298,
39306,
39348,A-B
39353,D
39375,
39392,A-B
39395,D
39436,D
39504,A-B
39508,D
39555,C
39556,D
39572,
39650,
39666,
39699,
39701,D
39714,D
39738,
39772,A-B
39808,C
39885,
39941,A-B
39943,A-B
39944,
39967,D
40011,D
40029,
40045,A-B
40055,D
40059,D
40072,D
40091,A-B
40136,D
40158,D
40196,D
40220,D
40233,
40256,C
40302,D
40380,D
40392,C
40412,
40423,D
40455,D
40487,A-B
40493,A-B
40503,
40530,
40564,
40681,KAM
40696,D
40720,A-B
40783,A-B
40809,C
40811,A-B
40815,
40829,A-B
40832,D
40856,C
40857,C
41020,C
41037,D
41045,D
41134,
41152,A-B
41157,
41164,
41192,
41218,C
41231,
41265,A-B
41275,A-B
41303,C
41320,A-B
41348,
41371,D
41378,A-B
41394,D
41413,C
41437,D
41441,D
41472,D
41482,C
41511,D
41528,D
41552,
41556,D
41595,D
41598,D
41639,C
41674,
41695,A-B
41711,C
41717,D
41728,
41735,D
41738,C
41739,A-B
41763,
41774,A-B
41794,A-B
41812,
41837,KAM
41851,A-B
41905,A-B
41910,D
41928,C
41935,A-B
41948,
41995,A-B
42017,
42092,D
42093,D
42097,D
42104,A-B
42111,
42236,A-B
42258,A-B
42262,D
42277,
42316,
42317,A-B
42340,D
42343,A-B
42380,A-B
42394,D
42397,
42401,
42413,
42428,D
42438,
42455,D
42475,D
42499,C
42512,
42513,
42517,C
42520,A-B
42555,D
42572,
42655,
42659,D
42698,A-B
42704,A-B
42705,A-B
42740,
42744,
42793,A-B
42811,A-B
42815,D
42826,D
42866,
42893,
42905,D
42923,
42950,
42974,D
42992,A-B
43019,
43032,A-B
43072,A-B
43086,A-B
43140,A-B
43161,
43169,A-B
43171,
43194,KAM
43214,C
43228,A-B
43231,C
43240,C
43245,D
43258,A-B
43305,D
43314,D
43316,C
43331,D
43355,D
43361,A-B
43363,
43368,KAM
43445,
43451,D
43455,C
43480,
43528,D
43552,
43564,
43570,C
43572,
43584,
43608,
43619,A-B
43641,A-B
43680,A-B
43731,A-B
43738,
43742,
43783,A-B
43822,A-B
43867,C
43889,D
43890,
43951,
43968,
43975,A-B
44039,C
44048,D
44096,A-B
44140,C
44199,A-B
44216,C
44217,
44218,
44219,D
44222,
44230,A-B
44236,D
44272,C
44287,D
44293,C
44294,
44313,D
44340,D
44346,D
44375,
44377,D
44380,KAM
44382,
44385,A-B
44418,A-B
44443,A-B
44447,KAM
44459,KAM
44460,
44462,
44474,A-B
44488,
44524,KAM
44535,D
44536,KAM
44656,KAM
44657,A-B
44658,C
44660,A-B
44675,C
44687,A-B
44701,
44710,D
44734,A-B
44744,D
44757,D
44764,C
44776,A-B
44781,A-B
44787,A-B
44789,A-B
44793,
44797,
44825,D
44838,
44866,D
44872,D
44878,A-B
44881,A-B
44925,
44928,
44940,D
44985,A-B
44989,C
45016,C
45018,A-B
45038,A-B
45043,
45056,A-B
45085,
45102,D
45169,D
45170,A-B
45179,
45187,A-B
45188,C
45192,
45194,A-B
45202,D
45214,D
45217,A-B
45219,C
45268,A-B
45270,D
45274,D
45278,
45279,C
45295,A-B
45309,D
45346,
45368,
45383,C
45401,
45408,A-B
45442,
45579,A-B
45589,
45601,D
45604,C
45606,D
45667,C
45669,A-B
45676,
45680,A-B
45696,D
45721,A-B
45803,A-B
45805,
45808,D
45821,
45839,D
45846,A-B
45854,D
45885,D
45897,A-B
45950,D
45952,KAM
46023,
46034,KAM
46051,A-B
46081,D
46095,
46120,D
46192,C
46208,A-B
46268,A-B
46286,
46294,D
46355,
46368,
46372,
46424,C
46426,C
46530,
46538,KAM
46560,C
46568,C
46575,C
46577,
46652,D
46708,A-B
46783,D
46786,D
46787,
46790,D
46791,A-B
46792,A-B
46793,A-B
46795,
46841,
46845,KAM
46861,C
46865,C
46884,C
46920,C
46921,C
46939,
46978,D
46981,C
46987,D
47004,D
47012,A-B
47035,
47041,KAM
47107,
47119,KAM
47138,
47140,A-B
47143,D
47162,
47165,D
47216,D
47232,D
47235,C
47237,KAM
47253,
47258,D
47275,A-B
47307,D
47312,C
47337,D
47359,D
47361,D
47450,D
47464,A-B
47494,A-B
47581,
47583,D
47590,D
47594,A-B
47595,
47598,D
47600,
47603,C
47605,D
47646,A-B
47696,
47704,C
47705,C
47707,KAM
47709,C
47754,
47783,A-B
47810,
47811,
47843,
47847,C
47860,A-B
47914,
47938,D
48006,
48039,
48135,KAM
48187,A-B
48215,A-B
48240,A-B
48267,
48268,
48277,C
48292,D
48309,A-B
48337,
48342,C
48343,
48441,D
48449,
48452,A-B
48540,C
48576,A-B
48578,C
48610,
48658,D
48692,D
48701,
48731,D
48751,D
48795,D
48811,A-B
48814,
48822,A-B
48832,
48834,D
48837,C
48858,
48873,A-B
48888,KAM
48964,A-B
48969,D
49025,
49028,
49029,C
49056,A-B
49070,A-B
49071,
49079,
49086,
49106,A-B
49113,
49119,D
49121,D
49130,A-B
49142,
49164,
49183,D
49232,
49263,C
49266,A-B
49291,A-B
49298,D
49318,D
49322,C
49343,D
49387,A-B
49407,
49446,
49473,A-B
49502,A-B
49508,
49515,
49543,
49580,D
49605,C
49624,D
49626,D
49640,A-B
49651,C
49652,C
49659,
49680,D
49704,A-B
49728,A-B
49770,
49785,
49830,D
49852,C
49874,D
49933,
49976,
49978,C
49981,A-B
50000,
50005,A-B
50011,D
50013,A-B
50021,A-B
50038,A-B
50044,D
50072,
50077,C
50080,A-B
50106,D
50132,
50139,D
50140,A-B
50143,D
50175,A-B
50178,D
50182,A-B
50196,A-B
50199,C
50239,A-B
50265,D
50269,D
50275,A-B
50283,A-B
50319,D
50321,
50344,D
50350,D
50354,D
50389,KAM
50390,KAM
50410,C
50457,
50475,
50489,
50497,
50522,D
50523,D
50542,D
50585,D
50635,KAM
50636,C
50637,KAM
50639,A-B
50642,
50648,
50720,
50757,D
50776,A-B
50780,A-B
50790,
50795,
50838,D
50839,A-B
50842,KAM
50844,D
50845,D
50885,
50891,D
50900,D
50912,D
50921,A-B
50949,A-B
50956,C
50972,KAM
50984,
51003,C
51012,D
51015,D
51023,C
51040,D
51048,D
51095,A-B
51097,A-B
51106,A-B
51158,D
51159,KAM
51251,D
51264,
51271,A-B
51321,C
51444,D
51461,
51470,A-B
51476,D
51481,
51519,
51579,
51604,
51620,A-B
51623,D
51625,D
51650,D
51666,D
51673,
51674,D
51677,D
51685,D
51687,D
51717,
51724,D
51739,D
51754,D
51772,A-B
51781,
51794,D
51803,D
51828,
51851,C
51852,A-B
51854,D
51879,A-B
51885,
51899,KAM
51912,
51917,D
51925,C
51940,
51954,C
51970,
52002,D
52050,A-B
52071,
52078,D
52092,D
52109,D
52123,D
52133,
52149,A-B
52155,
52158,
52163,
52171,C
52177,D
52178,D
52182,D
52220,
52222,C
52224,A-B
52233,D
52236,A-B
52258,D
52262,
52263,A-B
52270,D
52271,KAM
52283,D
52284,
52358,C
52439,D
52457,D
52504,
52511,
52525,
52601,C
52633,
52674,D
52696,D
52700,C
52716,D
52717,
52718,
52720,A-B
52727,C
52771,D
52792,KAM
52840,C
52847,
52851,D
52886,D
52893,
52906,
52937,
52962,D
52991,D
52992,A-B
53018,
53038,D
53058,D
53096,D
53099,D
53107,
53147,
53161,
53185,D
53197,A-B
53299,A-B
53312,
53325,A-B
53330,D
53410,D
53441,D
53448,
53517,D
53526,D
53534,D
53541,
53560,C
53583,
53598,D
53604,D
53627,A-B
53634,D
53641,C
53642,D
53662,
53683,C
53685,A-B
53696,A-B
53697,A-B
53702,
53741,
53749,C
53786,
53795,D
53799,
53807,
53813,
53832,
53842,D
53852,D
53904,A-B
53914,D
53924,D
53931,D
53938,A-B
53942,C
53947,A-B
53951,C
53955,A-B
53957,A-B
53958,A-B
53978,A-B
53986,A-B
54040,C
54057,D
54074,A-B
54076,D
54077,
54082,A-B
54089,A-B
54106,C
54123,
54125,
54130,D
54138,
54190,D
54193,
54196,A-B
54211,
54215,A-B
54220,
54242,A-B
54244,A-B
54247,
54280,D
54288,
54315,D
54316,D
54325,D
54334,D
54371,
54400,D
54435,D
54452,
54460,D
54472,
54474,
54528,
54531,D
54537,D
54539,D
54546,KAM
54564,
54567,D
54587,D
54589,D
54592,A-B
54614,
54629,
54638,
54645,
54653,
54681,D
54686,D
54688,D
54694,A-B
54695,
54725,
54738,D
54763,A-B
54773,
54787,
54803,
54805,A-B
54806,
54810,
54813,
54822,D
54826,
54829,
54837,
54839,A-B
54841,D
54873,D
54903,D
54904,D
54929,
54942,
54944,C
54977,D
54988,A-B
54989,
54990,D
55009,
55015,
55019,A-B
55023,
55036,D
55044,A-B
55056,
55064,C
55068,
55072,
55078,D
55081,
55107,A-B
55115,C
55130,D
55144,
55145,C
55162,
55164,C
55165,C
55214,D
55216,A-B
55238,A-B
55242,
55258,
55262,
55266,
55268,A-B
55269,
55291,C
55319,D
55322,D
55327,D
55330,D
55339,A-B
55347,A-B
55348,
55350,
55351,A-B
55354,
55363,D
55373,C
55386,D
55411,D
55424,D
55443,
55446,
55463,C
55513,
55534,C
55544,D
55586,A-B
55603,A-B
55604,C
55612,A-B
55616,
55618,A-B
55623,C
55643,
55650,D
55666,
55675,C
55680,A-B
55690,D
55703,C
55715,D
55729,
55736,D
55737,
55739,
55753,
55793,D
55801,
55802,
55805,
55806,D
55821,
55825,A-B
55854,A-B
55869,D
55873,
55874,
55884,
55904,D
55905,A-B
55928,A-B
55934,
55938,C
55971,D
55987,D
56014,
56028,D
56062,
56074,
56079,A-B
56193,
56247,A-B
56248,C
56257,
56260,D
56270,
56275,
56281,
56293,D
56331,
56354,KAM
56378,
56388,A-B
56425,C
56437,
56455,
56465,D
56467,
56474,
56485,
56498,D
56505,
56522,A-B
56531,KAM
56579,C
56594,A-B
56601,D
56614,D
56650,
56654,D
56676,KAM
56700,D
56702,D
56741,
56756,
56760,
56772,D
56798,D
56807,
56856,D
56911,
56916,C
56926,A-B
56957,A-B
56977,D
56983,D
57011,
57019,A-B
57090,
57118,C
57156,
57157,
57165,A-B
57175,C
57179,A-B
57180,A-B
57195,C
57201,
57223,A-B
57249,C
57254,C
57266,D
57337,A-B
57346,
57352,
57394,A-B
57402,D
57406,D
57412,D
57417,D
57445,
57462,
57468,
57470,
57488,
57494,D
57507,D
57508,
57512,D
57532,
57549,A-B
57581,D
57592,
57602,
57610,D
57611,A-B
57623,D
57663,C
57665,
57666,A-B
57669,
57692,D
57705,C
57712,
57730,
57731,A-B
57776,D
57780,D
57827,A-B
57867,
57878,
57879,C
57907,
57910,
57938,
57945,C
57956,D
57958,A-B
57959,
57971,C
57984,
58028,D
58052,D
58074,A-B
58113,
58114,A-B
58123,
58132,D
58137,
58139,D
58148,
58158,D
58162,D
58166,D
58168,A-B
58224,
58230,A-B
58243,A-B
58250,
58256,D
58257,A-B
58262,A-B
58266,KAM
58271,
58298,
58311,D
58312,
58317,D
58358,D
58362,D
58364,A-B
58389,A-B
58396,D
58401,D
58406,D
58414,D
58416,
58418,D
58419,
58422,
58424,
58428,C
58436,D
58454,D
58457,D
58477,D
58488,
58521,
58534,A-B
58535,
58582,A-B
58610,
58652,
58655,A-B
58657,A-B
58659,A-B
58676,D
58689,D
58736,D
58756,
58763,C
58809,C
58812,D
58859,
58888,D
58893,D
58913,
58933,C
58980,D
59022,A-B
59030,D
59062,
59069,D
59109,D
59131,
59135,
59146,D
59191,D
59202,D
59209,D
59210,
59246,
59247,
59276,D
59328,
59350,
59415,D
59422,A-B
59424,A-B
59428,
59459,A-B
59466,A-B
59472,C
59489,C
59512,D
59551,
59594,A-B
59652,C
59671,KAM
59692,A-B
59704,
59708,A-B
59715,
59717,D
59751,D
59758,
59791,D
59797,D
59847,D
59861,
59868,
59869,D
59872,C
59883,A-B
59889,C
59904,D
59911,
59922,A-B
59926,
59928,C
59934,
59950,KAM
59959,D
60014,KAM
60027,D
60028,D
60044,
60047,
60050,
60051,D
60052,A-B
60075,
60091,A-B
60112,D
60123,
60129,
60133,C
60170,A-B
60189,D
60202,
60222,A-B
60237,C
60272,
60279,
60308,D
60332,D
60352,C
60371,C
60388,
60393,
60399,KAM
60414,D
60416,
60419,D
60443,D
60498,C
60501,C
60510,A-B
60513,D
60515,A-B
60519,A-B
60520,
60521,D
60524,
60560,D
60579,D
60585,C
60590,D
60594,C
60598,A-B
60612,
60617,D
60628,
60636,A-B
60660,A-B
60679,D
60727,
60744,D
60757,C
60773,A-B
60786,C
60815,
60828,A-B
60829,D
60838,
60851,A-B
60914,C
60935,
60936,D
60945,D
60970,D
61004,A-B
61007,D
61018,A-B
61021,D
61034,A-B
61048,D
61111,D
61147,
61162,
61208,KAM
61248,
61249,A-B
61252,
61260,
61290,
61292,KAM
61296,
61324,
61338,A-B
61345,A-B
61391,
61400,
61420,D
61452,C
61463,
61505,
61518,A-B
61531,A-B
61597,C
61598,D
61599,
61613,C
61630,D
61651,D
61676,
61701,A-B
61711,D
61723,D
61732,A-B
61755,
61774,
61791,A-B
61798,A-B
61852,A-B
61874,
61898,A-B
61919,
61921,D
61928,
61936,C
61953,D
61961,
61980,D
61986,D
61998,D
62002,D
62020,D
62060,D
62063,
62065,C
62068,D
62112,D
62118,C
62119,D
62144,KAM
62175,
62181,D
62186,D
62194,C
62198,
62207,
62228,C
62243,KAM
62244,D
62248,
62251,A-B
62262,C
62275,
62285,
62311,D
62317,D
62327,D
62328,
62369,
62372,A-B
62422,D
62424,A-B
62455,D
62457,D
62467,D
62491,
62492,A-B
62493,
62522,C
62524,A-B
62534,A-B
62539,A-B
62543,
62556,KAM
62559,
62565,D
62577,
62583,D
62586,D
62592,
62594,
62658,
62667,A-B
62688,A-B
62689,A-B
62694,A-B
62698,C
62707,
62717,A-B
62721,C
62729,
62739,C
62771,D
62780,C
62787,C
62816,A-B
62832,D
62855,D
62859,D
62862,D
62874,D
62895,
62913,
62916,
62917,A-B
62918,
62925,
62930,A-B
62961,D
62968,
62992,D
63011,A-B
63035,A-B
63041,A-B
63063,
63065,A-B
63073,D
63085,A-B
63113,
63118,
63121,D
63134,C
63186,A-B
63211,
63212,
63217,
63248,A-B
63274,D
63305,A-B
63333,D
63342,
63359,C
63395,C
63410,A-B
63416,
63443,D
63479,A-B
63481,KAM
63501,A-B
63517,C
63545,A-B
63554,A-B
63604,D
63613,
63645,
63653,
63654,
63706,KAM
63717,
63728,
63748,D
63754,D
63789,
63791,A-B
63799,D
63838,A-B
63897,A-B
63902,
63915,D
63920,D
63939,
63955,C
63961,D
63987,D
64008,A-B
64034,D
64039,
64073,
64075,A-B
64077,A-B
64080,
64087,
64088,D
64108,
64132,A-B
64168,A-B
64175,
64199,D
64200,
64206,
64210,C
64218,D
64234,
64241,D
64265,
64285,D
64318,
64322,A-B
64330,D
64342,C
64364,A-B
64373,C
64374,
64382,
64397,
64409,C
64416,
64438,
64447,
64451,D
64461,A-B
64489,D
64520,A-B
64530,D
64541,
64569,D
64578,D
64590,D
64606,D
64609,C
64629,A-B
64630,D
64647,
64661,
64673,D
64718,
64734,A-B
64736,
64749,KAM
64752,A-B
64755,
64756,
64824,D
64842,
64851,D
64868,KAM
64879,
64894,D
64928,C
64943,
64954,
64962,A-B
64964,
64968,
64996,
65008,C
65028,A-B
65029,A-B
65061,
65079,C
65081,
65097,KAM
65113,A-B
65127,A-B
65130,A-B
65131,D
65148,A-B
65159,
65167,A-B
65205,A-B
65211,KAM
65230,A-B
65252,A-B
65269,D
65272,A-B
65278,
65305,C
65309,
65340,A-B
65347,
65348,A-B
65401,D
65414,KAM
65417,A-B
65421,
65435,
65439,A-B
65456,C
65479,
65539,
65558,
65579,A-B
65682,D
65686,
65727,
65734,
65773,A-B
65777,
65782,A-B
65785,A-B
65816,A-B
65817,
65818,
65819,A-B
65830,C
65831,
65834,D
65845,
65865,A-B
65874,A-B
65921,
65951,A-B
66002,D
66007,A-B
66023,
66027,A-B
66043,
66056,A-B
66089,
66097,
66098,
66113,C
66117,A-B
66121,A-B
66158,
66169,A-B
66177,A-B
66194,A-B
66196,
66204,
66208,
66228,
66231,C
66247,
66301,
66316,
66323,A-B
66334,KAM
66341,
66387,A-B
66399,A-B
66400,A-B
66412,
66462,A-B
66486,D
66491,
66509,
66510,A-B
66511,A-B
66517,D
66534,D
66542,
66552,D
66561,A-B
66565,C
66596,
66612,A-B
66619,
66629,
66664,D
66691,
66704,
66707,
66714,D
66729,A-B
66734,A-B
66820,A-B
66831,A-B
66840,A-B
66922,C
66924,A-B
66928,
66929,C
66982,D
67003,A-B
67011,A-B
67013,A-B
67061,
67072,
67077,D
67093,
67142,
67145,
67148,C
67165,
67176,D
67202,D
67206,D
67213,A-B
67226,
67233,A-B
67242,
67245,A-B
67265,A-B
67269,KAM
67286,
67315,D
67320,A-B
67330,D
67345,A-B
67359,A-B
67368,
67377,A-B
67398,D
67414,A-B
67436,
67458,D
67476,C
67501,D
67502,
67507,D
67527,A-B
67532,
67536,A-B
67550,A-B
67577,A-B
67595,A-B
67603,
67609,A-B
67737,D
67760,D
67765,A-B
67799,C
67807,
67812,D
67815,
67872,C
67896,A-B
67936,
67943,D
67950,
67970,A-B
68001,
68002,
68023,
68024,
68038,A-B
68064,D
68065,A-B
68070,
68084,
68095,
68113,
68120,A-B
68129,
68157,
68292,A-B
68349,D
68527,C
68586,D
68810,A-B
69213,A-B
69230,D
69285,A-B
69400,C
69558,C
69787,A-B
69930,KAM
70009,A-B
70084,KAM
70408,A-B
70580,D
70714,
70724,A-B
70735,
70757,
70769,A-B
70772,A-B
70852,C
70873,
70877,
70885,D
70887,C
70936,
70959,
70982,
70984,A-B
70988,KAM
71022,
71031,A-B
71038,A-B
71060,A-B
71066,A-B
71078,
71094,KAM
71123,C
71124,D
71156,A-B
71164,
71174,A-B
71193,D
71211,D
71219,D
71256,
71270,
71290,D
71307,D
71327,
71328,
71332,
71341,D
71350,
71351,
71352,
71384,D
71395,A-B
71459,
71475,
71479,
71489,A-B
71534,C
71559,D
71576,
71595,A-B
71619,D
71648,
71655,
71658,A-B
71666,D
71672,
71704,
71711,
71720,A-B
71725,A-B
71758,A-B
71781,D
71801,D
71807,D
71812,D
71822,
71835,A-B
71847,
71875,
71902,D
71913,D
71926,D
71938,
71958,D
71964,D
71973,C
71983,D
72000,
72003,
72008,
72011,
72035,A-B
72044,C
72053,
72054,
72080,A-B
72082,A-B
72085,D
72093,A-B
72095,A-B
72129,
72131,A-B
72132,KAM
72135,C
72140,A-B
72179,D
72181,A-B
72182,
72190,A-B
72205,A-B
72212,D
72290,C
72293,A-B
72297,
72321,A-B
72328,D
72373,KAM
72374,
72415,KAM
72432,A-B
72494,
72528,
72539,
72546,
72609,D
72612,
72616,A-B
72629,C
72634,
72672,C
72702,
72752,D
72754,
72778,
72781,A-B
72821,C
72844,C
72871,D
72873,
72875,D
72900,
72922,A-B
72932,A-B
72982,A-B
73015,D
73016,
73017,
73020,
73040,D
73065,KAM
73092,
73095,
73111,D
73130,A-B
73154,
73169,D
73227,
73258,D
73294,C
73331,D
73338,D
73352,A-B
73363,C
73367,D
73378,
73385,A-B
73386,D
73414,D
73469,D
73477,KAM
73498,
73514,A-B
73595,A-B
73606,A-B
73628,A-B
73633,A-B
73643,A-B
73660,A-B
73667,A-B
73684,D
73696,D
73697,KAM
73698,
73722,
73724,D
73758,
73813,
73817,A-B
73833,A-B
73877,A-B
73896,
73906,A-B
73915,D
73916,A-B
73933,
73935,
73941,A-B
73950,A-B
73956,A-B
73986,A-B
73991,C
73994,A-B
74015,A-B
74039,C
74041,
74052,
74092,
74105,A-B
74124,A-B
74146,A-B
74159,
74189,
74190,D
74194,
74205,
74208,C
74216,A-B
74223,
74239,D
74244,D
74252,A-B
74258,
74296,
74304,KAM
74321,
74329,
74341,
74343,
74344,D
74387,
74393,A-B
74414,A-B
74416,D
74425,
74476,
74484,
74495,
74497,
74501,D
74503,C
74507,KAM
74516,
74554,KAM
74571,
74583,A-B
74587,
74601,D
74624,D
74628,A-B
74648,
74728,
74737,D
74750,
74757,
74759,
74763,D
74764,
74779,D
74783,
74805,
74834,
74835,D
74839,KAM
74848,
74910,D
74916,
74930,
74966,D
74970,
74973,A-B
75001,A-B
75022,
75042,C
75046,
75049,A-B
75054,A-B
75055,D
75072,A-B
75075,
75078,
75112,
75121,C
75122,C
75186,
75196,
75217,A-B
75224,A-B
75232,A-B
75239,D
75252,
75255,A-B
75264,A-B
75275,
75289,
75292,C
75326,
75333,
75335,
75350,D
75369,
75378,A-B
75387,
75402,
75406,D
75420,
75455,D
75457,
75494,D
75497,
75514,
75516,
75532,D
75533,D
75534,D
75603,A-B
75607,D
75608,
75626,
75634,D
75665,
75668,A-B
75671,
75720,D
75721,A-B
75725,
75729,D
75731,D
75753,C
75765,
75770,D
75773,
75779,D
75786,D
75792,
75795,D
75801,
75807,D
75808,A-B
75812,
75820,
75864,D
75868,D
75888,
75895,A-B
75905,D
75906,C
75913,A-B
75914,A-B
75927,
75956,A-B
75976,D
76009,D
76028,C
76038,
76084,A-B
76108,C
76135,D
76149,D
76157,D
76212,
76218,
76263,A-B
76267,A-B
76273,D
76277,A-B
76279,D
76284,A-B
76298,D
76300,
76301,D
76306,
76314,
76315,C
76349,
76350,D
76378,A-B
76430,A-B
76439,
76459,C
76464,C
76474,
76501,A-B
76517,
76520,
76541,
76543,D
76544,
76555,D
76572,
76605,
76652,D
76692,
76714,D
76727,
76735,A-B
76744,A-B
76766,
76777,D
76790,A-B
76794,
76825,A-B
76839,
76841,D
76858,KAM
76881,
76882,A-B
76920,C
76932,
76955,
76956,
76962,A-B
76990,
77000,
77049,A-B
77054,A-B
77065,D
77072,
77084,D
77094,A-B
77111,D
77112,D
77127,A-B
77133,A-B
77136,D
77152,A-B
77177,
77191,D
77194,
77200,
77210,A-B
77216,KAM
77232,A-B
77240,A-B
77264,D
77277,A-B
77294,D
77309,C
77337,
77389,A-B
77393,A-B
77419,A-B
77420,D
77448,
77478,D
77483,D
77508,D
77509,
77514,A-B
77538,
77539,A-B
77544,D
77563,
77588,
77594,D
77596,
77604,D
77631,D
77675,
77684,D
77694,C
77724,
77725,A-B
77731,D
77751,D
77758,
77768,
77776,A-B
77862,D
77921,D
77951,D
77953,C
77963,D
78007,
78015,
78025,
78041,A-B
78045,A-B
78049,
78051,D
78117,
78118,D
78137,A-B
78150,D
78181,A-B
78185,
78193,A-B
78208,KAM
78209,
78219,
78221,A-B
78263,A-B
78279,A-B
78297,D
78303,
78315,C
78319,KAM
78362,D
78363,
78370,
78399,A-B
78416,A-B
78424,D
78426,
78428,D
78432,
78442,D
78448,D
78452,D
78472,A-B
78489,A-B
78528,C
78531,
78533,
78548,
78552,D
78559,
78561,
78564,
78571,
78584,
78588,A-B
78604,
78613,A-B
78614,
78618,D
78624,A-B
78639,A-B
78640,A-B
78646,
78703,A-B
78717,D
78718,
78726,
78734,
78738,
78762,
78780,D
78792,D
78801,D
78803,D
78820,D
78825,D
78841,
78842,D
78853,D
78856,D
78862,A-B
78875,A-B
78877,A-B
78883,A-B
78890,D
78892,A-B
78893,A-B
78894,D
78895,C
78902,A-B
78925,
78958,A-B
78965,D
78968,KAM
78973,D
78981,
78990,D
79014,A-B
79031,
79049,A-B
79087,D
79101,
79137,
79142,D
79153,
79158,D
79159,
79167,
79172,
79173,
79195,A-B
79207,A-B
79229,A-B
79245,A-B
79259,
79260,
79305,C
79306,A-B
79317,D
79399,A-B
79401,A-B
79403,
79404,A-B
79405,A-B
79417,
79426,
79427,
79434,D
79447,C
79449,
79459,
79467,A-B
79533,
79538,D
79541,A-B
79543,
79552,
79575,D
79579,D
79595,A-B
79630,
79631,A-B
79648,D
79649,
79662,C
79672,
79706,
79713,KAM
79716,D
79729,
79748,D
79773,D
79798,A-B
79808,A-B
79815,D
79822,A-B
79829,
79832,
79845,
79886,D
79919,KAM
79922,KAM
79924,D
79927,
79931,
79934,KAM
79935,A-B
79939,A-B
79944,A-B
79967,A-B
79990,A-B
79999,KAM
80042,
80052,D
80066,
80097,D
80103,KAM
80104,
80149,KAM
80151,KAM
80153,KAM
80154,KAM
80182,D
80186,D
80194,A-B
80197,A-B
80208,A-B
80209,C
80210,A-B
80224,KAM
80230,D
80233,
80235,C
80241,A-B
80243,KAM
80276,C
80277,
80281,C
80305,A-B
80319,KAM
80320,KAM
80321,KAM
80325,C
80327,D
80337,A-B
80344,
80349,A-B
80368,D
80379,D
80384,
80391,D
80409,A-B
80411,A-B
80417,
80422,
80428,A-B
80433,
80442,KAM
80467,A-B
80487,
80490,D
80508,D
80512,A-B
80517,
80524,
80540,KAM
80563,
80564,A-B
80566,
80587,A-B
80619,D
80620,D
80625,D
80646,
80678,D
80680,A-B
80681,
80712,D
80718,A-B
80720,
80754,A-B
80755,A-B
80759,KAM
80766,A-B
80783,
80786,C
80788,C
80800,D
80804,
80813,A-B
80816,D
80817,
80827,
80839,
80852,C
80853,
80866,
80898,D
80913,
80920,A-B
80938,
80939,A-B
80942,D
80944,A-B
80963,D
81006,A-B
81018,
81052,A-B
81064,
81065,A-B
81067,
81068,A-B
81071,D
81092,D
81094,D
81102,D
81105,
81110,
81111,A-B
81112,
81114,
81137,D
81141,
81145,
81177,A-B
81180,
81181,
81192,
81196,
81224,
81226,A-B
81235,A-B
81263,A-B
81265,D
81267,
81268,A-B
81270,A-B
81281,KAM
81285,
81293,D
81297,
81305,A-B
81307,A-B
81309,D
81312,A-B
81313,A-B
81315,A-B
81316,
81321,A-B
81363,C
81373,D
81415,A-B
81440,KAM
81442,KAM
81443,A-B
81447,A-B
81452,D
81493,A-B
81495,D
81528,D
81542,C
81548,C
81555,C
81570,A-B
81592,A-B
81598,C
81608,D
81651,A-B
81668,C
81671,A-B
81673,A-B
81679,
81681,
81685,A-B
81692,D
81707,
81712,D
81713,
81737,D
81739,C
81772,D
81794,KAM
81831,D
81863,
81865,
81873,
81885,KAM
81907,
81917,D
81941,D
81944,
81975,
82040,A-B
82058,A-B
82070,D
82071,D
82076,
82082,C
82089,
82096,A-B
82107,D
82125,
82131,D
82136,
82142,D
82152,A-B
82157,KAM
82188,C
82196,C
82206,KAM
82220,D
82232,C
82259,
82272,C
82287,A-B
82289,
82305,C
82339,
82360,
82375,
82382,KAM
82384,A-B
82386,
82429,
82455,D
82491,KAM
82495,KAM
82507,KAM
82517,D
82536,
82537,
82540,
82574,
82578,D
82583,
82584,D
82586,D
82600,A-B
82601,
82606,
82607,A-B
82617,D
82636,
82650,D
82669,D
82686,D
82706,
82707,KAM
82753,D
82763,
82788,
82794,
82796,
82814,D
82826,
82849,A-B
82866,
82881,
82893,A-B
82898,
82899,A-B
82900,A-B
82906,
82907,D
82929,A-B
82945,D
82953,A-B
82973,
82984,
83024,
83033,A-B
83047,
83067,A-B
83074,A-B
83125,D
83130,C
83133,A-B
83136,
83177,
83199,KAM
83201,D
83210,
83225,A-B
83260,
83273,D
83290,
83294,
83299,
83300,KAM
83320,A-B
83328,
83347,D
83409,D
83431,KAM
83448,
83461,D
83482,A-B
83494,
83499,
83536,A-B
83569,C
83583,D
83592,D
83610,A-B
83614,
83622,D
83635,
83648,A-B
83671,
83678,D
83692,
83694,D
83706,A-B
83714,C
83744,A-B
83746,D
83757,
83778,A-B
83783,D
83786,
83790,D
83797,
83801,A-B
83806,
83820,
83846,A-B
83862,D
83863,A-B
83868,
83888,
83893,D
83908,D
83914,D
83918,
83925,
83933,
83947,
83957,A-B
83962,D
83970,
83976,A-B
84046,A-B
84057,
84061,
84066,
84073,A-B
84074,
84086,
84098,
84118,
84121,
84127,A-B
84156,
84171,
84186,A-B
84189,
84195,
84217,
84219,
84234,
84236,A-B
84237,
84241,
84255,A-B
84261,
84275,D
84288,
84314,A-B
84326,
84335,
84338,D
84345,
84360,
84381,A-B
84388,
84392,D
84397,D
84406,A-B
84438,A-B
84462,D
84463,D
84471,
84472,D
84491,D
84521,
84539,
84541,D
84546,D
84550,
84566,A-B
84578,
84633,A-B
84648,
84658,KAM
84676,
84681,D
84696,
84698,KAM
84701,KAM
84711,KAM
84712,
84713,
84714,KAM
84715,KAM
84719,D
84720,
84721,KAM
84722,KAM
84733,A-B
84743,C
84744,D
84753,
84754,A-B
84759,
84760,A-B
84777,
84780,D
84785,A-B
84803,A-B
84811,A-B
84815,
84854,KAM
84884,D
84885,
84896,
84906,D
84913,
84946,A-B
84950,
85014,KAM
85050,KAM
85068,D
85077,KAM
85112,
85135,D
85185,KAM
85243,A-B
85247,D
85262,
85266,D
85267,A-B
85273,D
85313,C
85340,A-B
85372,
85387,
85388,A-B
85394,A-B
85411,A-B
85430,C
85439,A-B
85453,
85469,D
85472,C
85482,KAM
85483,
85509,D
85523,
85544,
85559,A-B
85564,
85630,
85636,A-B
85639,D
85680,
85690,
85704,D
85705,
85706,A-B
85742,A-B
85750,
85751,
85753,
85756,
85757,A-B
85767,
85768,
85769,D
85788,
85798,
85814,
85826,D
85841,
85878,
85895,
85919,A-B
85922,A-B
85949,
85969,D
85983,D
86043,D
86044,
86054,
86069,
86092,
86113,KAM
86121,D
86162,
86186,D
86212,A-B
86220,D
86248,KAM
86251,C
86259,KAM
86268,C
86269,
86274,A-B
86316,A-B
86320,D
86329,
86331,
86371,D
86383,
86412,A-B
86432,D
86464,C
86479,
86486,D
86487,A-B
86501,A-B
86541,C
86549,D
86555,D
86571,D
86590,A-B
86655,
86663,A-B
86683,D
86688,D
86708,D
86736,A-B
86748,D
86749,D
86755,
86756,A-B
86790,
86796,D
86798,D
86806,
86812,A-B
86813,A-B
86814,
86829,D
86836,
86845,
86856,A-B
86857,D
86859,
86863,D
86889,
86896,A-B
86907,
86913,
86931,D
86972,D
86988,
86996,
86997,
87012,
87014,
87034,
87063,A-B
87071,D
87073,C
87079,D
87085,D
87101,
87135,D
87161,
87162,D
87166,
87199,A-B
87202,D
87215,D
87254,
87255,
87261,D
87271,D
87278,
87281,
87285,C
87294,D
87302,D
87312,
87315,KAM
87316,
87337,KAM
87343,C
87346,D
87413,
87433,
87457,
87475,D
87479,C
87522,
87527,D
87534,
87540,
87563,
87565,
87567,
87575,
87578,
87587,D
87593,
87618,
87625,D
87631,D
87638,
87657,C
87695,D
87715,
87727,
87738,D
87741,A-B
87751,C
87759,
87809,D
87813,D
87819,
87828,
87833,A-B
87838,
87842,
87872,D
87879,
87884,
87886,KAM
87887,D
87906,D
87914,
87938,D
87943,
87951,
87960,
87986,D
88013,C
88046,D
88048,A-B
88052,D
88082,
88086,
88087,
88091,D
88094,D
88117,D
88118,
88137,C
88144,
88209,D
88236,
88245,D
88246,
88251,D
88287,
88291,
88294,D
88302,D
88335,KAM
88342,D
88343,
88352,
88363,D
88364,
88382,A-B
88385,D
88387,
88392,KAM
88443,A-B
88468,D
88507,
88511,
88517,A-B
88522,
88555,A-B
88566,A-B
88567,A-B
88578,D
88636,
88646,
88671,
88672,
88674,KAM
88677,D
88686,D
88688,D
88703,D
88709,A-B
88736,D
88740,D
88745,A-B
88767,D
88788,D
88792,D
88794,D
88801,
88831,D
88849,A-B
88856,
88868,D
88875,D
88888,A-B
88919,A-B
88920,
88928,
88935,A-B
88944,
88958,D
88961,
88992,D
88995,
89003,A-B
89005,D
89006,
89090,
89091,
89096,D
89099,D
89103,
89108,
89134,D
89143,
89148,C
89151,A-B
89153,C
89160,D
89200,
89212,D
89232,A-B
89233,A-B
89250,A-B
89252,
89263,
89266,
89269,C
89270,A-B
89272,
89283,D
89301,
89306,D
89310,A-B
89335,D
89336,D
89341,D
89343,
89345,
89346,A-B
89385,
89387,
89388,
89391,
89396,D
89401,A-B
89410,D
89418,D
89420,
89426,D
89433,
89454,D
89455,C
89461,D
89497,A-B
89502,D
89512,
89521,D
89522,A-B
89523,
89534,D
89535,
89537,
89570,
89576,
89579,D
89586,
89590,D
89594,
89598,D
89602,A-B
89609,A-B
89611,
89620,A-B
89630,D
89635,
89645,A-B
89652,
89672,A-B
89682,
89697,
89713,
89722,D
89745,A-B
89770,C
89779,
89786,
89830,
89834,C
89835,A-B
89874,D
89875,A-B
89883,KAM
89885,D
89890,
89896,
89921,
89928,
89930,
89951,
89960,A-B
89979,A-B
89997,
89998,
90006,
90013,D
90015,C
90018,D
90033,A-B
90036,
90068,C
90074,A-B
90093,A-B
90096,
90106,A-B
90108,D
90134,D
90139,D
90141,D
90146,A-B
90174,
90184,
90192,
90194,
90243,
90244,A-B
90250,
90253,
90254,
90258,
90262,D
90264,D
90272,D
90296,
90302,KAM
90321,D
90323,
90326,D
90376,
90392,
90397,
90412,
90415,D
90425,D
90453,A-B
90470,
90473,
90474,D
90500,
90504,
90530,
90536,
90556,KAM
90565,D
90568,
90593,
90595,C
90596,D
90604,
90608,
90616,A-B
90646,A-B
90676,D
90682,D
90696,
90711,D
90719,D
90732,
90740,D
90757,A-B
90766,D
90768,A-B
90780,D
90798,
90799,D
90821,D
90845,
90878,
90887,D
90897,C
90903,A-B
90915,
90916,D
90936,A-B
90938,
90947,
90973,
90976,D
90993,
90994,
90996,D
91001,A-B
91010,
91017,A-B
91040,KAM
91063,A-B
91097,
91115,
91123,
91131,C
91144,
91158,
91160,
91166,
91168,D
91187,
91195,
91199,D
91204,A-B
91214,D
91220,
91222,
91228,D
91233,A-B
91249,
91256,A-B
91257,D
91275,A-B
91278,
91280,
91285,D
91302,D
91303,
91335,A-B
91341,A-B
91352,D
91355,D
91408,
91416,
91432,A-B
91435,
91437,
91439,D
91445,
91450,D
91453,C
91459,
91460,D
91463,
91470,D
91474,C
91484,D
91491,A-B
91494,
91496,
91503,
91530,A-B
91544,
91553,
91557,
91573,
91577,
91582,
91584,
91585,
91593,
91601,D
91611,D
91624,D
91627,D
91642,D
91653,
91668,
91669,A-B
91670,
91671,
91672,A-B
91680,
91684,
91726,
91745,
91763,
91769,
91775,
91776,A-B
91777,A-B
91819,D
91827,
91829,KAM
91830,
91831,D
91833,
91841,D
91843,
91848,A-B
91849,D
91862,D
91870,
91889,
91890,A-B
91893,
91899,A-B
91908,A-B
91912,A-B
91919,
91922,
91931,
91932,
91940,D
91951,
91955,
91957,
91967,A-B
91970,A-B
91990,KAM
91999,KAM
92002,KAM
92005,
92006,
92007,KAM
92017,
92022,
92023,D
92031,
92033,
92055,C
92056,D
92057,D
92058,D
92064,C
92066,
92095,
92102,
92103,
92106,
92127,KAM
92133,D
92143,A-B
92146,D
92148,D
92162,A-B
92167,
92175,D
92183,C
92204,
92205,A-B
92209,D
92217,
92221,
92233,
92238,
92244,
92264,
92293,
92311,
92312,D
92329,A-B
92332,
92336,
92338,A-B
92342,A-B
92344,A-B
92348,
92349,D
92351,A-B
92353,A-B
92367,
92379,
92381,
92382,
92384,
92385,
92403,D
92447,
92449,
92455,D
92467,
92469,
92503,
92508,A-B
92529,C
92532,
92548,
92578,
92583,
92596,
92604,
92613,
92615,
92617,A-B
92618,C
92620,
92626,
92629,
92634,D
92635,
92637,A-B
92647,D
92661,A-B
92663,A-B
92666,D
92684,
92687,
92697,
92705,
92709,
92710,D
92712,C
92731,
92743,
92744,D
92759,A-B
92766,
92777,
92779,D
92787,KAM
92797,A-B
92805,
92806,D
92807,
92815,D
92818,A-B
92829,
92854,KAM
92868,KAM
92884,D
92887,A-B
92901,
92920,
92923,
92950,
92969,
92970,
92980,
92997,
92998,
93000,
93012,
93015,
93026,
93030,
93037,
93044,
93054,D
93062,
93066,
93069,
93072,
93075,D
93079,
93085,D
93099,
93105,D
93110,D
93114,A-B
93120,D
93144,
93145,
93148,
93160,
93179,
93186,A-B
93189,
93195,D
93206,C
93207,
93208,
93212,
93213,
93218,D
93223,A-B
93263,A-B
93264,D
93301,
93304,
93315,
93324,
93330,A-B
93339,
93344,A-B
93351,C
93355,
93359,
93363,
93364,
93366,D
93370,
93373,
93398,
93425,C
93433,
93442,C
93446,D
93452,
93460,C
93466,D
93476,
93477,A-B
93487,
93489,D
93509,D
93510,A-B
93515,
93522,
93524,A-B
93527,
93532,
93542,D
93547,
93561,
93563,
93568,
93570,A-B
93571,A-B
93574,
93582,
93598,
93600,
93641,D
93644,D
93654,
93664,
93671,
93678,D
93690,A-B
93691,A-B
93693,A-B
93695,
93697,
93701,
93704,
93705,
93713,D
93714,D
93725,
93727,A-B
93753,
93756,
93757,
93758,A-B
93759,
93767,
93791,
93792,KAM
93801,C
93802,
93808,
93811,
93812,D
93813,
93816,
93827,
93834,A-B
93836,
93841,
93849,
93854,
93857,D
93859,D
93862,D
93871,
93872,A-B
93873,
93875,KAM
93910,
93911,
93913,
93914,
93926,
93928,
93929,
93951,
93956,
93965,
93980,C
93989,
93991,
93994,
93999,
94046,
94059,D
94061,
94062,
94068,KAM
94077,
94081,
94158,
94160,A-B
94165,
94174,D
94182,
94187,C
94195,
94197,
94216,A-B
94238,
94241,
94247,
94249,
94251,
94254,
94258,
94263,
94265,
94276,A-B
94280,
94305,
94309,A-B
94310,
94311,
94314,
94318,D
94321,
94325,D
94336,
94343,
94346,
94348,
94349,
94351,D
94354,
94358,A-B
94361,KAM
94362,
94364,D
94365,
94368,
94375,D
94376,
94379,
94392,
94396,KAM
94399,
94400,D
94402,
94408,
94438,
94454,A-B
94457,D
94459,
94463,D
94467,A-B
94476,
94488,
94499,D
94504,
94507,
94522,
94537,D
94542,
94545,D
94546,
94593,
94597,
94608,
94610,
94622,A-B
94627,D
94628,D
94635,A-B
94648,
94660,KAM
94666,
94667,
94670,
94680,
94681,
94682,A-B
94694,A-B
94699,
94717,
94735,
94747,
94752,
94761,
94763,
94767,
94772,
94787,
94797,
94805,
94826,
94833,A-B
94840,A-B
94841,
94862,A-B
94888,
94896,D
94910,
94914,D
94921,D
94934,
94944,D
94950,
94951,D
94981,
94987,
95006,
95009,KAM
95019,C
95031,
95032,
95042,
95043,D
95045,
95050,
95066,
95067,
95088,
95089,D
95102,
95106,KAM
95112,
95114,D
95130,KAM
95137,
95143,
95149,
95152,D
95165,D
95172,
95191,
95195,C
95197,
95205,D
95206,D
95207,
95215,
95218,
95223,A-B
95229,A-B
95236,D
95237,A-B
95239,
95240,
95251,D
95261,D
95271,A-B
95272,
95283,
95298,D
95302,D
95305,
95308,C
95316,
95318,
95342,
95343,
95345,
95348,
95353,
95367,
95368,
95372,
95384,
95409,KAM
95438,A-B
95444,
95448,
95454,
95469,
95472,
95474,A-B
95476,
95479,
95481,D
95483,
95492,
95503,C
95519,A-B
95522,C
95523,
95534,D
95546,
95549,D
95553,
95554,A-B
95557,
95560,
95576,
95577,
95593,
95610,
95611,
95612,
95614,
95623,
95643,
95644,
95653,
95668,D
95689,
95693,D
95702,C
95706,
95707,
95717,
95723,
95754,
95756,
95758,
95759,
95786,
95787,D
95789,
95790,
95797,
95808,
95809,
95813,D
95822,KAM
95867,D
95868,A-B
95884,
95913,
95916,
95917,
95918,
95922,D
95926,
95939,
95940,D
95961,
95980,
96010,
96018,
96058,
96062,
96076,
96077,
96082,
96086,
96089,
96092,
96095,
96096,
96111,
96131,
96152,
96165,
96170,
96176,
96177,
96185,
96212,
96213,
96216,
96226,
96610,D
96822,
96903,A-B
97454,D
98426,
99201,D
99619,A-B
100000,C
100009,
100015,C
100020,
100022,A-B
100027,D
100040,A-B
100041,A-B
100049,A-B
100052,D
100053,A-B
100056,A-B
100060,A-B
100067,A-B
100070,A-B
100077,C
100086,C
100094,D
100099,
100100,D
100109,A-B
100118,A-B
100127,C
100130,D
100131,
100132,D
100141,D
100150,KAM
100159,A-B
100160,
100175,
100178,
100182,A-B
100185,A-B
100187,A-B
100192,D
100194,A-B
100208,A-B
100209,D
100211,D
100227,D
100228,A-B
100231,A-B
100240,A-B
100246,
100254,A-B
100257,C
100258,D
100259,D
100261,A-B
100268,
100270,
100271,
100272,A-B
100276,
100278,D
100289,
100290,D
100299,
100309,A-B
100314,A-B
100316,D
100318,D
100325,A-B
100326,A-B
100331,A-B
100332,A-B
100340,D
100344,C
100353,D
100362,D
100364,A-B
100369,A-B
100370,D
100377,A-B
100383,A-B
100386,A-B
100390,A-B
100398,A-B
100403,
100405,A-B
100406,A-B
100408,C
100410,
100418,C
100420,C
100432,
100444,D
100447,C
100455,D
100467,
100470,D
100472,
100479,A-B
100493,
100516,A-B
100524,C
100537,D
100540,A-B
100541,
100551,
100588,
100589,A-B
100593,A-B
100594,C
100597,
100608,D
100620,A-B
100624,C
100647,A-B
100661,C
100663,A-B
100669,A-B
100671,C
100672,C
100688,D
100694,A-B
100708,
100715,A-B
100716,A-B
100719,A-B
100722,
100724,
100734,D
100745,C
100749,D
100756,A-B
100777,
100782,
100788,D
100790,D
100794,
100801,
100804,A-B
100821,A-B
100834,
100840,
100856,A-B
100858,A-B
100875,D
100877,A-B
100878,D
100883,A-B
100896,
100900,A-B
100906,D
100911,
100924,
100937,C
100943,A-B
100963,A-B
100975,D
100983,A-B
100990,
100991,D
100993,A-B
100994,D
100999,A-B
101005,A-B
101009,A-B
101013,C
101024,C
101029,
101038,A-B
101046,D
101051,C
101052,D
101063,A-B
101081,A-B
101091,A-B
101100,D
101101,A-B
101107,
101109,C
101111,
101119,D
101130,C
101131,
101145,A-B
101146,D
101154,A-B
101157,A-B
101161,C
101170,
101173,A-B
101175,A-B
101180,D
101195,
101209,D
101210,
101219,D
101225,D
101227,
101239,
101253,C
101255,C
101258,D
101261,A-B
101263,C
101284,A-B
101285,A-B
101293,C
101296,A-B
101299,
101301,A-B
101307,A-B
101315,
101376,D
101384,A-B
101385,A-B
101387,D
101402,A-B
101410,D
101424,C
101438,A-B
101440,D
101443,C
101448,D
101450,D
101464,A-B
101473,D
101477,A-B
101478,A-B
101486,C
101498,D
101510,
101526,A-B
101531,
101534,C
101536,D
101543,C
101568,A-B
101577,C
101578,D
101584,A-B
101586,C
101590,
101591,A-B
101592,D
101595,A-B
101601,D
101603,D
101618,A-B
101619,C
101626,D
101627,A-B
101640,A-B
101652,D
101654,
101665,D
101673,
101681,C
101684,C
101698,A-B
101712,C
101716,D
101720,C
101722,D
101728,A-B
101734,A-B
101740,
101744,
101746,C
101780,
101788,A-B
101793,D
101795,C
101829,A-B
101833,C
101837,D
101861,
101882,A-B
101887,A-B
101895,KAM
101898,A-B
101899,C
101902,
101912,A-B
101915,D
101916,A-B
101918,
101927,A-B
101930,A-B
101940,D
101972,KAM
101997,D
102011,D
102038,A-B
102042,A-B
102045,D
102054,KAM
102065,
102067,D
102081,A-B
102082,
102089,D
102106,D
102114,D
102118,D
102127,A-B
102143,A-B
102145,D
102174,C
102187,D
102188,
102224,A-B
102289,A-B
102354,A-B
102359,D
102370,D
102476,A-B
102508,C
102617,
102680,D
102693,D
102726,C
102751,A-B
102778,A-B
102805,C
102821,
102848,D
102852,A-B
102904,
102967,A-B
102975,C
103102,
103123,
103161,
103198,A-B
103221,A-B
103258,
103270,A-B
103298,C
103300,D
103301,C
103324,
103350,A-B
103357,
103371,D
103377,D
103405,
103471,A-B
103490,A-B
103557,D
103588,
103611,A-B
103613,
103632,D
103664,C
103669,D
103675,A-B
103695,A-B
103703,C
103705,A-B
103837,A-B
103857,A-B
103904,D
103909,
103920,C
103924,A-B
103941,A-B
104050,A-B
104081,
104104,A-B
104250,
104259,D
104263,
104274,C
104300,C
104335,C
104353,D
104422,C
104424,A-B
104503,D
104604,
104606,
104640,
104650,
104832,C
104876,D
104903,D
104980,A-B
105016,D
105036,A-B
105057,
105058,D
105080,C
105095,D
105104,C
105120,A-B
105150,A-B
105151,A-B
105152,A-B
105153,D
105178,D
105230,A-B
105266,
105288,
105316,A-B
105322,D
105337,
105375,A-B
105438,A-B
105445,A-B
105468,A-B
105480,A-B
105486,A-B
105573,A-B
105590,A-B
105623,D
105658,A-B
105659,A-B
105660,A-B
105680,D
105725,
105739,
105850,C
105851,D
105871,A-B
105875,C
105914,
105915,
105943,D
105951,
105991,C
106018,D
106027,C
106032,
106033,KAM
106034,A-B
106040,
106079,
106081,
106083,C
106107,
106112,D
106138,A-B
106148,C
106152,D
106200,D
106224,D
106241,
106273,A-B
106346,A-B
106390,
106636,
106930,D
107000,D
107040,C
107070,A-B
107141,A-B
107160,
107172,
107424,C
107472,A-B
107488,D
107506,
107584,D
107593,A-B
107598,C
107599,D
107613,
107855,
107877,
107884,
107885,
107956,
108022,
108071,
108135,A-B
108831,
109000,
109088,C
109394,
109628,A-B
109651,A-B
110015,A-B
110025,C
110057,A-B
110062,A-B
110085,C
110090,D
110100,A-B
110102,A-B
110124,A-B
110165,A-B
110170,A-B
110211,C
110225,A-B
110230,D
110251,D
110271,A-B
110281,D
110660,A-B
110692,C
110800,
110974,A-B
111046,A-B
111058,A-B
111097,A-B
111098,A-B
111099,A-B
111134,C
111221,D
111501,C
111585,C
111669,D
111671,A-B
111911,KAM
112222,A-B
113150,A-B
113170,A-B
113500,D
114008,
114210,A-B
114402,A-B
114810,D
116110,A-B
116330,
117011,A-B
117060,A-B
117439,
117451,A-B
117490,D
117511,D
117524,A-B
117529,KAM
117570,
117668,A-B
117751,D
117757,
117768,D
117930,A-B
118460,KAM
118960,A-B
120140,D
120235,A-B
120253,C
120411,C
120642,A-B
120688,C
120695,A-B
120980,A-B
122401,D
123050,C
123470,D
124280,D
124310,C
124675,D
125450,C
129850,
130050,
130100,
130300,A-B
130400,A-B
130430,
130708,A-B
130716,C
130800,A-B
130890,A-B
130934,D
131000,D
131040,C
131059,C
132800,
133650,D
133660,A-B
134351,A-B
137950,A-B
138600,
140125,A-B
140270,C
140361,C
140400,D
141109,A-B
141215,
141426,KAM
141432,A-B
141450,A-B
145500,A-B
151481,C
151535,A-B
151563,A-B
151567,D
151597,A-B
151605,
151640,A-B
153000,C
156570,C
159750,
159800,A-B
161440,D
161501,A-B
161758,A-B
161794,A-B
161808,A-B
163250,
164320,
166970,A-B
170110,D
170145,D
170151,
170301,D
170640,D
171887,A-B
171900,C
171914,A-B
173200,D
173210,
175040,A-B
175191,A-B
175240,D
176411,
176630,D
179020,
181910,A-B
182016,C
182250,D
182330,A-B
184000,D
190060,A-B
190220,A-B
190600,A-B
190610,
190630,KAM
190900,C
191061,A-B
191150,
191700,A-B
191701,
191721,A-B
192080,A-B
192200,A-B
192217,A-B
192341,D
192580,
192620,A-B
192669,
193320,D
193550,D
194075,D
195103,A-B
195107,
195130,A-B
195295,A-B
195380,A-B
196975,C
197000,D
197025,D
197160,A-B
197220,
198090,C
199005,D
199160,D
199180,
199321,A-B
199640,D
200090,
200110,KAM
200130,
200140,D
200150,A-B
200280,A-B
201060,D
202161,C
202709,A-B
204000,A-B
204800,A-B
205200,A-B
206400,
208200,A-B
210370,
210870,A-B
211015,A-B
211200,A-B
211600,D
211820,A-B
212060,A-B
212715,C
212830,
213067,C
213124,C
213170,A-B
213265,C
213276,C
213410,D
213700,D
214740,
215060,A-B
215510,
215651,D
215820,KAM
215890,D
219416,D
221795,
222000,A-B
222050,A-B
222201,D
222601,A-B
223358,A-B
223360,C
223420,A-B
223480,A-B
223515,A-B
223645,D
224300,
226730,D
226747,
227700,
230703,
231890,D
232500,D
232580,D
233220,A-B
233230,A-B
233650,C
233697,A-B
233714,C
233715,A-B
233802,A-B
233847,A-B
235001,D
236010,
236400,D
237760,
238200,
238750,A-B
238830,C
238911,
243120,D
243450,
243837,A-B
243843,C
243849,A-B
243851,A-B
243852,C
243877,A-B
243878,A-B
244000,C
245950,
246150,A-B
246600,
246800,A-B
247799,
248051,A-B
248360,A-B
248550,D
249101,D
249850,
250351,D
250700,A-B
250940,C
251101,
251751,D
253560,D
253750,
254104,A-B
254105,A-B
254145,C
254182,C
254249,
254351,A-B
254365,
254400,
254424,A-B
254453,A-B
254900,
257000,KAM
260101,A-B
260200,
260450,D
262150,
262230,
263320,D
263702,D
264803,A-B
264970,A-B
265690,A-B
269220,D
269310,C
269700,A-B
270510,D
270995,D
271640,A-B
272810,
274501,D
274647,A-B
274710,A-B
274730,
275120,D
278950,
279760,
280250,A-B
283300,A-B
283475,D
285151,A-B
286400,D
290100,D
290120,A-B
290150,D
294047,
294107,D
294137,C
294263,
294411,
294449,A-B
294452,C
294487,
294519,
294594,A-B
294599,C
294670,D
294943,A-B
295106,A-B
295271,
295485,C
300103,
300340,C
300499,A-B
300680,KAM
301001,
301410,KAM
301810,D
302070,C
302210,A-B
302211,A-B
302370,A-B
302490,A-B
303201,A-B
303550,D
303650,A-B
303980,D
304100,A-B
304301,
304440,
304570,A-B
304750,
304970,C
305040,
305075,
305160,A-B
305350,C
305356,A-B
305377,A-B
305379,A-B
305395,
305410,
305497,A-B
305505,C
305535,A-B
305590,A-B
305599,A-B
305622,C
305630,D
305835,A-B
305880,A-B
305885,C
305970,
306120,D
307600,C
308171,D
308210,A-B
308870,C
308900,D
309010,A-B
310015,A-B
310072,A-B
310184,
310600,A-B
311020,A-B
311072,A-B
311150,A-B
311181,A-B
311850,D
312090,
312392,C
313960,A-B
314104,A-B
316030,
316230,C
316250,
316290,A-B
316340,A-B
316356,A-B
316362,D
317161,A-B
317211,A-B
317400,C
317502,A-B
319010,C
319700,A-B
320020,KAM
320121,A-B
320421,
320460,A-B
320911,A-B
321080,
321100,D
321121,D
321201,D
321215,
321221,
321230,D
322100,D
322775,A-B
326100,C
326355,A-B
326358,D
330100,C
330490,
331470,D
331540,
332400,
333600,D
335000,D
335175,D
336395,D
336421,C
336565,A-B
336740,A-B
336785,D
337210,D
341318,D
342810,
348000,D
348900,
348909,D
349720,A-B
351850,
352050,A-B
352200,D
354500,A-B
360090,A-B
360800,D
361400,
364022,D
364640,C
368000,A-B
368130,
370080,D
370130,C
370480,C
370550,
370600,A-B
370950,
370981,C
371161,D
371480,D
371531,
372090,
372850,A-B
374901,D
377800,
378920,
380250,KAM
380410,D
380460,D
380700,A-B
380800,C
385650,
385690,A-B
385700,A-B
385800,D
386401,D
386999,A-B
387020,A-B
387250,A-B
388000,A-B
388200,A-B
389500,C
390050,D
390160,
390470,C
390740,A-B
390750,KAM
390770,A-B
390810,A-B
390940,D
391010,A-B
391190,
391200,A-B
391410,D
391411,A-B
391440,C
391660,
392221,C
392250,A-B
392280,D
393250,A-B
393710,C
397050,A-B
398350,A-B
398820,
400042,C
400080,A-B
400120,D
400171,A-B
400201,A-B
400290,A-B
400300,KAM
400310,D
400320,A-B
400500,D
400540,A-B
400810,A-B
400820,C
400840,A-B
401207,A-B
401230,C
401240,C
401301,KAM
401390,A-B
401500,
401570,C
401590,KAM
401670,C
401675,D
401691,
401701,KAM
401780,C
401840,A-B
401850,
401900,C
402030,C
402161,
402250,A-B
402290,
402400,A-B
402501,D
402630,A-B
402680,A-B
402700,D
402800,
402970,A-B
403000,A-B
403290,A-B
403380,A-B
403415,A-B
406149,
406300,D
407000,D
407400,
410180,C
410191,C
410220,A-B
410250,
410651,D
410870,
410894,
410950,
411020,A-B
411028,A-B
411030,
411550,A-B
411651,A-B
411700,D
411750,A-B
411800,D
411850,C
412000,A-B
412001,A-B
412400,A-B
412440,A-B
412901,A-B
413000,A-B
413200,A-B
413400,A-B
413970,A-B
414555,C
416600,A-B
418400,C
419450,
419802,
420041,A-B
420110,C
420190,A-B
420360,D
420400,C
420810,D
421900,A-B
422285,D
427310,A-B
430000,C
430650,
430980,A-B
440200,D
442325,A-B
442330,
443600,A-B
444100,A-B
444400,C
445040,A-B
451110,
456740,
460040,C
461001,
462200,D
462450,D
462475,
462950,
464180,
467070,D
469100,
469380,
470050,C
470380,
470390,D
470691,
470970,
471080,
471090,
474420,
478760,
479800,C
490070,D
490220,A-B
490340,D
490450,C
490560,A-B
490710,A-B
490770,A-B
493550,A-B
494071,D
494250,D
496021,C
498060,A-B
498440,C
498780,C
498790,A-B
498850,
498900,D
498930,C
499120,A-B
499190,D
499280,D
500020,
500071,A-B
500130,A-B
500170,A-B
500190,A-B
500210,A-B
500220,A-B
500230,A-B
500240,A-B
500390,A-B
500480,
500500,A-B
500540,D
500580,A-B
500600,C
500720,D
500760,A-B
500840,D
501431,A-B
501480,A-B
501510,D
501680,D
510051,C
510063,D
510069,A-B
510100,A-B
510422,C
510600,
510795,A-B
510821,C
511035,A-B
511050,C
511060,A-B
511080,A-B
511146,A-B
511219,A-B
511285,A-B
511410,A-B
511595,A-B
511758,A-B
511760,A-B
513170,C
513190,C
514752,A-B
519600,
520242,A-B
520410,D
520420,A-B
520890,
520940,A-B
521040,D
521050,D
521250,A-B
526250,A-B
527702,A-B
530010,A-B
537610,C
538002,C
540120,KAM
542550,
562530,C
562700,A-B
568805,D
570080,D
570160,
575410,A-B
575610,D
578830,A-B
580600,C
583300,D
590050,A-B
590220,A-B
590400,A-B
590560,D
590720,
590900,D
590910,
591340,A-B
591370,C
592000,A-B
592230,C
592690,D
593031,
600030,A-B
600290,A-B
600450,A-B
600500,C
600560,D
601500,A-B
610350,A-B
611760,A-B
615765,A-B
617025,C
617511,A-B
618510,A-B
619140,A-B
619500,
620052,C
620060,C
620401,D
642400,
656300,D
657500,A-B
660380,A-B
665300,D
666400,A-B
670340,
670500,C
671025,
674370,D
677750,
684800,D
690720,A-B
692700,
694080,C
700020,A-B
700160,KAM
700180,A-B
700300,A-B
700350,A-B
700390,A-B
700501,D
700680,A-B
702400,A-B
710044,A-B
710060,A-B
710210,A-B
710320,A-B
710400,D
710765,A-B
710835,A-B
710850,A-B
711040,A-B
711045,A-B
711077,KAM
711120,A-B
711135,A-B
711415,A-B
711495,A-B
711655,A-B
711725,
711765,A-B
711850,A-B
711935,A-B
711937,A-B
711946,A-B
711967,A-B
712940,A-B
714460,C
714462,
714800,A-B
717770,A-B
719210,
720211,C
720350,D
720481,A-B
721533,A-B
722711,C
722912,A-B
723066,A-B
723879,C
724547,C
724848,A-B
732270,A-B
734400,C
738400,
740409,D
745300,D
746277,A-B
747350,A-B
752500,A-B
752600,A-B
752930,
755220,
756730,
756820,
758240,D
760000,A-B
761200,A-B
762540,C
764083,
764235,
765900,C
766060,D
766280,D
767418,
767740,A-B
768890,
771600,D
771910,A-B
777777,C
777812,A-B
778700,
779800,A-B
780034,
780036,A-B
780083,D
780270,C
780294,
780432,
780450,
780490,D
780522,D
780560,
780672,C
780742,D
780750,C
780804,A-B
780830,D
780836,KAM
780838,D
780960,
781060,C
781120,C
781188,C
781206,C
781240,
781250,C
781288,C
781394,
781448,A-B
781454,D
781514,A-B
781638,C
781640,
781656,
781666,A-B
786100,C
790200,
790310,D
790530,D
790570,D
790860,D
790920,D
791150,D
793270,
800040,A-B
800060,A-B
800230,A-B
800290,D
800300,A-B
802750,C
804900,A-B
806928,D
806958,D
807091,
807352,
807357,D
807485,D
807538,D
807670,D
807678,D
807710,A-B
807768,D
807776,
807811,
807828,D
807970,D
808108,
808198,
808412,D
808456,D
808526,
808529,
808785,
808910,
808911,A-B
808939,D
808942,
809009,KAM
809036,C
809169,D
809233,A-B
809251,
809274,
809326,D
809335,A-B
809360,
809467,D
809530,
809559,C
809611,A-B
809689,C
809809,
809822,C
809864,D
809899,D
809909,KAM
809993,D
810009,A-B
810013,D
810038,C
810070,
810073,
810104,
810228,A-B
810300,D
810310,D
810362,
810393,
810447,D
810456,A-B
810489,D
810599,A-B
810654,
810676,C
810700,D
810717,A-B
810758,
810761,D
810770,D
810850,
810863,C
810928,C
810940,
810948,
810970,
810982,D
810990,C
811001,C
811012,A-B
811029,D
811060,KAM
811070,A-B
811135,
811142,KAM
811158,
811177,
811189,A-B
811191,KAM
811200,A-B
811260,
811265,
811286,A-B
811300,A-B
811332,
811344,A-B
811394,
811574,A-B
811628,D
811688,D
811702,D
811704,A-B
811747,D
811783,
811815,A-B
811865,A-B
811868,D
811920,A-B
811996,A-B
812007,D
812086,D
812151,D
812157,
812171,D
812209,C
812215,
812217,A-B
812333,D
812399,
812414,C
812460,D
812468,D
812500,C
812567,C
812593,
812618,D
812624,C
812706,A-B
812733,D
812784,D
812820,
812861,
812871,
812924,D
812954,D
813300,C
813346,C
813436,
813488,C
813500,A-B
813505,
813549,D
813556,C
813617,
813669,
813675,
813776,A-B
813800,A-B
813818,A-B
813829,A-B
813846,D
813847,D
813884,
813935,D
813984,D
814033,D
814064,D
814124,
814125,D
814165,
814209,
814306,A-B
814440,C
814564,D
814613,
814630,A-B
814686,A-B
814691,C
814701,A-B
814714,A-B
814752,
814772,D
814776,
814806,D
814818,
814900,A-B
814915,D
814922,A-B
815024,A-B
815146,
815160,
815192,
815255,D
815294,
815339,
815364,
815376,D
815405,C
815452,C
815460,D
815469,D
815538,A-B
815549,D
815618,D
815634,C
815718,D
815724,A-B
815760,A-B
815774,D
815781,D
815804,A-B
815812,D
815815,D
815842,A-B
815848,C
815850,
815858,D
815868,
815882,D
815909,D
815932,D
815939,A-B
815941,D
815965,A-B
815985,D
815989,
816022,D
816026,A-B
816040,C
816048,A-B
816050,C
816062,C
816100,D
816152,
816177,D
816178,D
816363,
816446,
816511,
816625,D
816847,
817028,
817033,A-B
817044,
817086,
817148,
817188,
817215,D
817252,
817258,
817266,
817268,D
817286,A-B
817358,
817375,A-B
817405,A-B
817431,
817484,D
817656,
817760,A-B
817837,
817905,D
817982,D
818032,
818202,
818488,D
818609,D
818680,D
818857,D
818926,D
819008,
819009,A-B
819187,D
819248,
819249,
819281,D
819334,
819380,D
819472,C
819528,
819743,C
819811,C
819844,
820016,D
820029,D
820110,A-B
820132,D
820462,D
820658,D
820662,D
820748,C
820821,
820929,D
820971,
821023,A-B
821121,
821123,
821136,D
821218,
821226,A-B
821268,A-B
821318,D
821423,D
821474,D
821482,
821503,
821582,
821686,D
821769,D
821785,A-B
821842,C
821883,
821975,
822046,D
822056,
822061,
822091,D
822513,
822528,D
822580,D
822591,
822609,C
822625,C
822669,
822705,D
822798,D
822800,
822954,C
823032,
823069,
823164,
823194,D
823201,D
823229,D
823340,D
823367,D
823500,D
823754,
823800,A-B
823845,C
823846,
823848,D
823870,D
823958,
824071,
824084,
824321,KAM
824484,C
824515,A-B
824591,C
824629,
824647,D
824665,
824712,
824728,
824744,D
824841,
824946,
824985,D
825006,D
825139,
825305,A-B
825369,D
825568,C
825572,D
825582,
825741,D
825745,A-B
825819,
825859,
825934,
825953,
826019,
826053,C
826069,A-B
826078,D
826209,D
826266,D
826269,D
826319,D
826321,D
826325,A-B
826408,D
826424,D
826454,C
826466,
826521,
826557,D
826660,
826754,D
826772,
826782,
826829,
826854,D
826890,
826905,
826943,D
826979,A-B
826988,D
827020,D
827050,A-B
827051,
827192,
827219,D
827228,C
827236,
827241,
827287,D
827310,
827355,
827443,
827513,D
827516,D
838900,
842000,A-B
848600,
850030,A-B
850080,C
850100,C
850110,KAM
850160,A-B
850300,D
850360,A-B
850800,
852810,C
854400,D
856400,C
861200,
862000,A-B
869200,A-B
878950,A-B
910061,
910080,
910152,A-B
910510,A-B
910568,A-B
910792,
910942,D
910980,A-B
911010,C
911158,A-B
911448,A-B
916000,D
917910,A-B
920438,
921172,
921254,C
921418,A-B
923490,C
923500,A-B
923560,A-B
924711,A-B
930600,C
931306,
931377,C
931501,D
931804,D
932000,
933500,C
933700,A-B
936650,C
950003,A-B
951250,A-B
952450,D
953620,
955120,A-B
960140,
960240,D
962050,A-B
966230,A-B
969000,
969040,KAM
969200,A-B
969460,A-B
971150,D
971164,D
971172,D
971250,A-B
971286,
971302,
971492,D
971516,
971678,C
971710,C
971712,D
972056,A-B
972470,
973002,A-B
973018,
973400,A-B
977040,C
980001,A-B
980200,D
981018,A-B
981098,A-B
981162,A-B
981176,D
981182,C
981204,A-B
981226,A-B
981242,A-B
981362,A-B
981434,A-B
981650,D
981732,A-B
981784,C
981802,
981864,D
982032,D
982048,D
982152,D
982172,A-B
983068,A-B
983158,
983160,D
983178,A-B
983252,A-B
983296,D
983312,
988927,
989038,D
989058,A-B
989073,D
989108,C
989135,D
989164,D
989196,
989241,D
989276,D
989379,C
989391,
989563,C
989589,D
989621,C
989634,D
989758,D
989788,A-B
989807,
989822,
989830,A-B
989854,D
989862,
989866,
989940,
989954,D
989982,
989993,
990034,KAM
990041,
990090,
990106,A-B
990139,D
990161,D
990164,D
990204,D
990217,
990225,D
990231,
990243,
990262,A-B
990345,
990347,
990356,A-B
990377,
990420,D
990531,D
990553,D
990577,D
990603,
990610,C
990627,D
990662,
990666,D
990686,
990687,
990696,D
990711,D
990717,
990726,D
990754,D
990757,
990782,D
990793,
990846,D
990865,A-B
990877,A-B
990894,A-B
990897,A-B
990901,
990908,
990915,A-B
990932,A-B
991014,
991021,
991044,C
991071,C
991084,D
991090,D
991111,
991117,D
991138,
991149,
991180,D
991200,A-B
991226,
991238,D
991336,D
991616,A-B
991870,D
991926,D
992052,D
992146,A-B
992182,
993026,
993128,
993226,D
993304,D
993348,
993544,
994022,D
994044,A-B
994046,
994056,A-B
994057,A-B
994059,A-B
994150,C
994332,A-B
994356,A-B
995000,
995677,
995679,
995724,D
995729,
995733,
995754,D
995782,A-B
995804,D
995857,D
995860,D
995877,
995892,KAM
995936,
995976,D
995994,A-B
996293,
996306,D
996308,D
996311,
996319,D
996371,
996387,D
996395,
996396,KAM
996434,KAM
996442,D
996449,
996501,D
996533,D
996538,
996558,D
996560,
996567,C
996580,
996599,
996838,D
996881,
996933,A-B
996943,D
996972,A-B
997026,
999560,A-B
999616,
999838,
999850,C
999906,D
999950,D
